{
  "n_cases": 192,
  "by_V": {
    "0.0": {
      "n": 24,
      "gtt_positive": 0,
      "margin_nonpositive": 0,
      "max_gtt": -1.0,
      "min_margin": 1.0,
      "max_theta_product": 0.0,
      "maxabs_R": 20993.31595956743,
      "maxabs_Kretsch": 85144910.15275846
    },
    "0.1": {
      "n": 24,
      "gtt_positive": 0,
      "margin_nonpositive": 0,
      "max_gtt": -1.0,
      "min_margin": 1.0,
      "max_theta_product": 0.009266384483572603,
      "maxabs_R": 20818.54074299772,
      "maxabs_Kretsch": 83741335.72253308
    },
    "0.5": {
      "n": 24,
      "gtt_positive": 0,
      "margin_nonpositive": 0,
      "max_gtt": -1.0,
      "min_margin": 1.0,
      "max_theta_product": 0.31880850390939713,
      "maxabs_R": 16966.810467922314,
      "maxabs_Kretsch": 53580376.735101074
    },
    "0.9": {
      "n": 24,
      "gtt_positive": 0,
      "margin_nonpositive": 0,
      "max_gtt": -0.7600000000005069,
      "min_margin": 0.2000000000001554,
      "max_theta_product": 3.9478041712826255,
      "maxabs_R": 9431.471150606058,
      "maxabs_Kretsch": 16115245.88588418
    },
    "0.95": {
      "n": 24,
      "gtt_positive": 0,
      "margin_nonpositive": 0,
      "max_gtt": -0.3900000000006249,
      "min_margin": 0.10000000000017129,
      "max_theta_product": 6.5881286643411325,
      "maxabs_R": 8766.298155857492,
      "maxabs_Kretsch": 14947587.439663678
    },
    "0.99": {
      "n": 24,
      "gtt_positive": 0,
      "margin_nonpositive": 0,
      "max_gtt": -0.07960000000072232,
      "min_margin": 0.02000000000018387,
      "max_theta_product": 13.41108798342192,
      "maxabs_R": 8208.271946208972,
      "maxabs_Kretsch": 14036738.753956838
    },
    "1.01": {
      "n": 24,
      "gtt_positive": 16,
      "margin_nonpositive": 16,
      "max_gtt": 2009999.999977485,
      "min_margin": -99.99999999897045,
      "max_theta_product": 32.83795226205693,
      "maxabs_R": 7983.143223410805,
      "maxabs_Kretsch": 13591719.61621257
    },
    "1.1": {
      "n": 24,
      "gtt_positive": 24,
      "margin_nonpositive": 24,
      "max_gtt": 20999999.99994126,
      "min_margin": -999.9999999981119,
      "max_theta_product": 523.7084792019632,
      "maxabs_R": 7366.434218391359,
      "maxabs_Kretsch": 11706288.50354856
    }
  },
  "overall": {
    "n": 192,
    "gtt_positive": 40,
    "margin_nonpositive": 40,
    "max_gtt": 20999999.99994126,
    "min_margin": -999.9999999981119,
    "max_theta_product": 523.7084792019632,
    "maxabs_R": 20993.31595956743,
    "maxabs_Kretsch": 85144910.15275846
  },
  "largest_theta_product": {
    "maxabs_R": 678.7711672893871,
    "l_at_maxabs_R": -0.5062500000000001,
    "min_R": -678.7711672893871,
    "max_R": 566.5751175518579,
    "maxabs_Ricci2": 253197.26909285807,
    "l_at_maxabs_Ricci2": -0.525,
    "min_Ricci2": 2.389715070431669e-16,
    "max_Ricci2": 253197.26909285807,
    "maxabs_Kretsch": 613225.6745271754,
    "l_at_maxabs_Kretsch": -0.525,
    "min_Kretsch": 1.8529068203037478e-16,
    "max_Kretsch": 613225.6745271754,
    "maxabs_Gnn": 2672.5963085422873,
    "l_at_maxabs_Gnn": -0.525,
    "min_Gnn": -2672.5963085422873,
    "max_Gnn": 27.101926756598857,
    "maxabs_Gkp": 17.123436574734768,
    "l_at_maxabs_Gkp": -0.5062500000000001,
    "min_Gkp": -11.905690306504212,
    "max_Gkp": 17.123436574734768,
    "maxabs_Gkm": 11699.388124975912,
    "l_at_maxabs_Gkm": -0.525,
    "min_Gkm": -11699.388124975912,
    "max_Gkm": 829.209229588897,
    "maxabs_gtt": 20999999.99994126,
    "l_at_maxabs_gtt": 0.0,
    "min_gtt": -648670.0957082706,
    "max_gtt": 20999999.99994126,
    "maxabs_det": 1.3623212326069094e+32,
    "l_at_maxabs_det": -0.4125000000000001,
    "min_det": -1.3623212326069094e+32,
    "max_det": -1.777671879227046,
    "maxabs_theta_p": 6.387634275219516,
    "l_at_maxabs_theta_p": -0.5062500000000001,
    "min_theta_p": -6.387634275219516,
    "max_theta_p": 6.387634275219516,
    "maxabs_theta_m": 133.278535444745,
    "l_at_maxabs_theta_m": 0.5249999999999999,
    "min_theta_m": -133.27853544474434,
    "max_theta_m": 133.278535444745,
    "max_A": 9999.999999991393,
    "max_T": 9999.999999991393,
    "min_lapse_shift_margin": -999.9999999981119,
    "l_at_min_lapse_shift_margin": 0.0,
    "throat_l_min_Reff": -0.5625,
    "throat_min_Reff": 1.1510095690253412,
    "theta_product_min": -285.6694180663002,
    "theta_product_max": 523.7084792019632,
    "C0": 10000.0,
    "Delta": 0.1,
    "V": 1.1,
    "L0": 0.0,
    "Rmid": 0.5,
    "r0": 1.0,
    "lapse_power": 1.0
  },
  "largest_gtt": {
    "maxabs_R": 678.7711672893871,
    "l_at_maxabs_R": -0.5062500000000001,
    "min_R": -678.7711672893871,
    "max_R": 566.5751175518579,
    "maxabs_Ricci2": 253197.26909285807,
    "l_at_maxabs_Ricci2": -0.525,
    "min_Ricci2": 2.389715070431669e-16,
    "max_Ricci2": 253197.26909285807,
    "maxabs_Kretsch": 613225.6745271754,
    "l_at_maxabs_Kretsch": -0.525,
    "min_Kretsch": 1.8529068203037478e-16,
    "max_Kretsch": 613225.6745271754,
    "maxabs_Gnn": 2672.5963085422873,
    "l_at_maxabs_Gnn": -0.525,
    "min_Gnn": -2672.5963085422873,
    "max_Gnn": 27.101926756598857,
    "maxabs_Gkp": 17.123436574734768,
    "l_at_maxabs_Gkp": -0.5062500000000001,
    "min_Gkp": -11.905690306504212,
    "max_Gkp": 17.123436574734768,
    "maxabs_Gkm": 11699.388124975912,
    "l_at_maxabs_Gkm": -0.525,
    "min_Gkm": -11699.388124975912,
    "max_Gkm": 829.209229588897,
    "maxabs_gtt": 20999999.99994126,
    "l_at_maxabs_gtt": 0.0,
    "min_gtt": -648670.0957082706,
    "max_gtt": 20999999.99994126,
    "maxabs_det": 1.3623212326069094e+32,
    "l_at_maxabs_det": -0.4125000000000001,
    "min_det": -1.3623212326069094e+32,
    "max_det": -1.777671879227046,
    "maxabs_theta_p": 6.387634275219516,
    "l_at_maxabs_theta_p": -0.5062500000000001,
    "min_theta_p": -6.387634275219516,
    "max_theta_p": 6.387634275219516,
    "maxabs_theta_m": 133.278535444745,
    "l_at_maxabs_theta_m": 0.5249999999999999,
    "min_theta_m": -133.27853544474434,
    "max_theta_m": 133.278535444745,
    "max_A": 9999.999999991393,
    "max_T": 9999.999999991393,
    "min_lapse_shift_margin": -999.9999999981119,
    "l_at_min_lapse_shift_margin": 0.0,
    "throat_l_min_Reff": -0.5625,
    "throat_min_Reff": 1.1510095690253412,
    "theta_product_min": -285.6694180663002,
    "theta_product_max": 523.7084792019632,
    "C0": 10000.0,
    "Delta": 0.1,
    "V": 1.1,
    "L0": 0.0,
    "Rmid": 0.5,
    "r0": 1.0,
    "lapse_power": 1.0
  },
  "largest_R": {
    "maxabs_R": 20993.31595956743,
    "l_at_maxabs_R": 0.5249999999999999,
    "min_R": -20993.31595956743,
    "max_R": 0.0002096298342299256,
    "maxabs_Ricci2": 116025674.04141457,
    "l_at_maxabs_Ricci2": 0.5249999999999999,
    "min_Ricci2": 1.231031889867894e-16,
    "max_Ricci2": 116025674.04141457,
    "maxabs_Kretsch": 85144910.15275846,
    "l_at_maxabs_Kretsch": 0.5249999999999999,
    "min_Kretsch": 5.488526628168958e-16,
    "max_Kretsch": 85144910.15275846,
    "maxabs_Gnn": 5934.363975180663,
    "l_at_maxabs_Gnn": 0.5249999999999999,
    "min_Gnn": -5934.363975180663,
    "max_Gnn": 8.074184195414553e-05,
    "maxabs_Gkp": 2779.888901902592,
    "l_at_maxabs_Gkp": -0.525,
    "min_Gkp": -2779.888901902592,
    "max_Gkp": 271.3344027660428,
    "maxabs_Gkm": 2779.888901902592,
    "l_at_maxabs_Gkm": -0.525,
    "min_Gkm": -2779.888901902592,
    "max_Gkm": 271.3344027660428,
    "maxabs_gtt": 99999999.99982785,
    "l_at_maxabs_gtt": 0.0,
    "min_gtt": -99999999.99982785,
    "max_gtt": -1.0,
    "maxabs_det": 1.3623212326069094e+32,
    "l_at_maxabs_det": -0.4125000000000001,
    "min_det": -1.3623212326069094e+32,
    "max_det": -1.777671879227046,
    "maxabs_theta_p": 64.67455345891527,
    "l_at_maxabs_theta_p": 0.5249999999999999,
    "min_theta_p": -64.67455345891527,
    "max_theta_p": 64.67455345891493,
    "maxabs_theta_m": 64.67455345891527,
    "l_at_maxabs_theta_m": 0.5249999999999999,