{
  "n_sweep_cases": 360,
  "n_pass_polish": 21,
  "pass_polish_rate": 0.058333333333333334,
  "reference_v0_1": {
    "coreline_repay_ratio": 1.459041415455344,
    "support_repay_ratio": 1.4440384633911996,
    "shoulder_repay_ratio": 2.5961751686461687,
    "access_comp_leak_metric": 0.00016310183221143968,
    "shoulder_comp_spike_metric": 0.0024959899528648358,
    "shoulder_comp_min_N": 0.8200360120861108,
    "shoulder_comp_min_R": 1.1683621305347913
  },
  "top_validation": [
    {
      "case": "sup0.0095_sh0.0018_c2.3_w1.0_N-0.18",
      "src_support_amp": 0.0095,
      "src_shoulder_amp": 0.0018,
      "src_shoulder_center": 2.3,
      "src_shoulder_width": 1.0,
      "n_sh_amp": -0.18,
      "n_sh_width": 1.0,
      "core_ratio": 1.2569757407514677,
      "support_ratio": 1.2353134458207065,
      "shoulder_ratio": 1.0792245315306492,
      "access_leak": 4.75912396693558e-05,
      "shoulder_spike": 0.0007987863703369567,
      "N_min": 0.8200360056953768,
      "shoulder_R_min": 1.1755191712005573,
      "pass_hr": true
    },
    {
      "case": "sup0.0095_sh0.0022_c2.9_w0.8_N-0.18",
      "src_support_amp": 0.0095,
      "src_shoulder_amp": 0.0022,
      "src_shoulder_center": 2.9,
      "src_shoulder_width": 0.8,
      "n_sh_amp": -0.18,
      "n_sh_width": 1.0,
      "core_ratio": 1.2569757407513,
      "support_ratio": 1.2352617882803338,
      "shoulder_ratio": 1.0668232205129695,
      "access_leak": 4.7591239669329236e-05,
      "shoulder_spike": 0.0007987586429491486,
      "N_min": 0.8200360269942379,
      "shoulder_R_min": 1.1755191712005573,
      "pass_hr": true
    },
    {
      "case": "sup0.0095_sh0.0022_c2.6_w0.8_N-0.18",
      "src_support_amp": 0.0095,
      "src_shoulder_amp": 0.0022,
      "src_shoulder_center": 2.6,
      "src_shoulder_width": 0.8,
      "n_sh_amp": -0.18,
      "n_sh_width": 1.0,
      "core_ratio": 1.2569757407513,
      "support_ratio": 1.235261761993016,
      "shoulder_ratio": 1.0564457708705468,
      "access_leak": 4.7591239669329236e-05,
      "shoulder_spike": 0.0007987617086173742,
      "N_min": 0.820036047321696,
      "shoulder_R_min": 1.1755191712005573,
      "pass_hr": true
    },
    {
      "case": "sup0.0095_sh0.0018_c2.3_w0.8_N-0.12",
      "src_support_amp": 0.0095,
      "src_shoulder_amp": 0.0018,
      "src_shoulder_center": 2.3,
      "src_shoulder_width": 0.8,
      "n_sh_amp": -0.12,
      "n_sh_width": 1.0,
      "core_ratio": 1.2569757407513005,
      "support_ratio": 1.2352562766097115,
      "shoulder_ratio": 0.8281377005490917,
      "access_leak": 4.759123966934694e-05,
      "shoulder_spike": 0.0007987771124083646,
      "N_min": 0.8800240037969179,
      "shoulder_R_min": 1.1755191712005573,
      "pass_hr": false
    },
    {
      "case": "sup0.0095_sh0.0018_c2.9_w0.8_N-0.12",
      "src_support_amp": 0.0095,
      "src_shoulder_amp": 0.0018,
      "src_shoulder_center": 2.9,
      "src_shoulder_width": 0.8,
      "n_sh_amp": -0.12,
      "n_sh_width": 1.0,
      "core_ratio": 1.2569757407513,
      "support_ratio": 1.235261788281051,
      "shoulder_ratio": 0.8247008484667729,
      "access_leak": 4.7591239669329236e-05,
      "shoulder_spike": 0.0007987586276977524,
      "N_min": 0.8800240179961587,
      "shoulder_R_min": 1.1755191712005573,
      "pass_hr": false
    },
    {
      "case": "sup0.0095_sh0.0018_c2.6_w0.8_N-0.12",
      "src_support_amp": 0.0095,
      "src_shoulder_amp": 0.0018,
      "src_shoulder_center": 2.6,
      "src_shoulder_width": 0.8,
      "n_sh_amp": -0.12,
      "n_sh_width": 1.0,
      "core_ratio": 1.2569757407513,
      "support_ratio": 1.2352617707561755,
      "shoulder_ratio": 0.8181301685180508,
      "access_leak": 4.7591239669329236e-05,
      "shoulder_spike": 0.0007987606714738767,
      "N_min": 0.8800240315477974,
      "shoulder_R_min": 1.1755191712005573,
      "pass_hr": false
    },
    {
      "case": "sup0.0095_sh0.0018_c2.3_w0.8_N-0.18",
      "src_support_amp": 0.0095,
      "src_shoulder_amp": 0.0018,
      "src_shoulder_center": 2.3,
      "src_shoulder_width": 0.8,
      "n_sh_amp": -0.18,
      "n_sh_width": 1.0,
      "core_ratio": 1.2569757407513005,
      "support_ratio": 1.2352535176393091,
      "shoulder_ratio": 0.8164980469473924,
      "access_leak": 4.75912396693558e-05,
      "shoulder_spike": 0.0007987863703369567,
      "N_min": 0.8200360056953768,
      "shoulder_R_min": 1.1755191712005573,
      "pass_hr": false
    },
    {
      "case": "sup0.0095_sh0.0018_c2.9_w0.8_N-0.18",
      "src_support_amp": 0.0095,
      "src_shoulder_amp": 0.0018,
      "src_shoulder_center": 2.9,
      "src_shoulder_width": 0.8,
      "n_sh_amp": -0.18,
      "n_sh_width": 1.0,
      "core_ratio": 1.2569757407513,
      "support_ratio": 1.2352617882803338,
      "shoulder_ratio": 0.8110253757801114,
      "access_leak": 4.7591239669329236e-05,
      "shoulder_spike": 0.0007987586429491486,
      "N_min": 0.8200360269942379,
      "shoulder_R_min": 1.1755191712005573,
      "pass_hr": false
    }
  ],
  "targeted_highres": {
    "n_cases": 30,
    "n_pass": 8,
    "pass_rate": 0.26666666666666666,
    "top": [
      {
        "case": "sup0.0085_sh0.0020_c2.3_w1.0_N-0.18",
        "src_support_amp": 0.0085,
        "src_shoulder_amp": 0.002,
        "core_ratio": 1.1274366202606516,
        "support_ratio": 1.1067656606095957,
        "shoulder_ratio": 1.2422005175761237,
        "access_leak": 0.0001631018321995974,
        "shoulder_spike": 0.0024959884285093614,
        "N_min": 0.8200359982460708,
        "shoulder_R_min": 1.1683621305347913
      },
      {
        "case": "sup0.0082_sh0.0020_c2.3_w1.0_N-0.18",
        "src_support_amp": 0.0082,
        "src_shoulder_amp": 0.002,
        "core_ratio": 1.087644044837266,
        "support_ratio": 1.0662813207483794,
        "shoulder_ratio": 1.2416836252813548,
        "access_leak": 0.0001631018321995974,
        "shoulder_spike": 0.0024959884285093614,
        "N_min": 0.8200359982460708,
        "shoulder_R_min": 1.1683621305347913
      },
      {
        "case": "sup0.0088_sh0.0020_c2.3_w1.0_N-0.18",
        "src_support_amp": 0.0088,
        "src_shoulder_amp": 0.002,
        "core_ratio": 1.167229195684037,
        "support_ratio": 1.147250000470812,
        "shoulder_ratio": 1.2427174098708926,
        "access_leak": 0.0001631018321995974,
        "shoulder_spike": 0.0024959884285093614,
        "N_min": 0.8200359982460708,
        "shoulder_R_min": 1.1683621305347913
      },
      {
        "case": "sup0.0085_sh0.0018_c2.3_w1.0_N-0.18",
        "src_support_amp": 0.0085,
        "src_shoulder_amp": 0.0018,
        "core_ratio": 1.127436620260633,
        "support_ratio": 1.1067579763044715,
        "shoulder_ratio": 1.0808251441716585,
        "access_leak": 0.0001631018321995974,
        "shoulder_spike": 0.0024959884285093614,
        "N_min": 0.8200359982460708,
        "shoulder_R_min": 1.1683621305347913
      },
      {
        "case": "sup0.0082_sh0.0018_c2.3_w1.0_N-0.18",
        "src_support_amp": 0.0082,
        "src_shoulder_amp": 0.0018,
        "core_ratio": 1.0876440448372475,
        "support_ratio": 1.066273636443256,
        "shoulder_ratio": 1.0803082518768894,
        "access_leak": 0.0001631018321995974,
        "shoulder_spike": 0.0024959884285093614,
        "N_min": 0.8200359982460708,
        "shoulder_R_min": 1.1683621305347913
      },
      {
        "case": "sup0.0088_sh0.0018_c2.3_w1.0_N-0.18",
        "src_support_amp": 0.0088,
        "src_shoulder_amp": 0.0018,
        "core_ratio": 1.1672291956840184,
        "support_ratio": 1.147242316165688,
        "shoulder_ratio": 1.0813420364664275,
        "access_leak": 0.0001631018321995974,
        "shoulder_spike": 0.0024959884285093614,
        "N_min": 0.8200359982460708,
        "shoulder_R_min": 1.1683621305347913
      }
    ]
  }
}