{
  "selected_cases": 23,
  "rows": 184,
  "summary": [
    {
      "wth_multiplier": 1.0,
      "rows": 23,
      "exact_worldline_gtt_positive_rows": 0,
      "worst_calibrated_tidal_proxy": 3304.097814964945,
      "median_calibrated_tidal_proxy": 2928.9669847235564,
      "worst_calibrated_integrated_proxy": 320.8741756564908,
      "median_reduction_pct_est": 0.0,
      "worst_case_reduction_pct_est": 0.0,
      "best_case_reduction_pct_est": 0.0,
      "worst_min_margin": 1.0,
      "worst_max_gtt": -1.0,
      "mean_support_wall_density_share": 0.9999966226096386,
      "min_support_wall_density_share": 0.9999954600975394,
      "worst_W_tail_outside_service_region": 2.453661377410654e-06
    },
    {
      "wth_multiplier": 1.5,
      "rows": 23,
      "exact_worldline_gtt_positive_rows": 0,
      "worst_calibrated_tidal_proxy": 1474.9006647537342,
      "median_calibrated_tidal_proxy": 1309.7809363086108,
      "worst_calibrated_integrated_proxy": 213.62406175488908,
      "median_reduction_pct_est": 55.37904982065203,
      "worst_case_reduction_pct_est": 55.14596423429794,
      "best_case_reduction_pct_est": 55.6356410738826,
      "worst_min_margin": 1.0,
      "worst_max_gtt": -1.0,
      "mean_support_wall_density_share": 0.9997364345759712,
      "min_support_wall_density_share": 0.9996727974958507,
      "worst_W_tail_outside_service_region": 0.0001818855213372439
    },
    {
      "wth_multiplier": 2.0,
      "rows": 23,
      "exact_worldline_gtt_positive_rows": 0,
      "worst_calibrated_tidal_proxy": 829.4356438416952,
      "median_calibrated_tidal_proxy": 734.908993650782,
      "worst_calibrated_integrated_proxy": 159.96057232038828,
      "median_reduction_pct_est": 74.8632081941264,
      "worst_case_reduction_pct_est": 74.75626858571303,
      "best_case_reduction_pct_est": 75.01181374908678,
      "worst_min_margin": 1.0,
      "worst_max_gtt": -1.0,
      "mean_support_wall_density_share": 0.9976424817461641,
      "min_support_wall_density_share": 0.9972280075410959,
      "worst_W_tail_outside_service_region": 0.0015639688235063454
    },
    {
      "wth_multiplier": 2.5,
      "rows": 23,
      "exact_worldline_gtt_positive_rows": 0,
      "worst_calibrated_tidal_proxy": 531.7481648391396,
      "median_calibrated_tidal_proxy": 471.9686762639745,
      "worst_calibrated_integrated_proxy": 127.71184052963683,
      "median_reduction_pct_est": 83.85680613975617,
      "worst_case_reduction_pct_est": 83.7438581353676,
      "best_case_reduction_pct_est": 83.97252456233922,
      "worst_min_margin": 1.0,
      "worst_max_gtt": -1.0,
      "mean_support_wall_density_share": 0.99121447695409,
      "min_support_wall_density_share": 0.9900602442546927,
      "worst_W_tail_outside_service_region": 0.005668361444908121
    },
    {
      "wth_multiplier": 3.0,
      "rows": 23,
      "exact_worldline_gtt_positive_rows": 0,
      "worst_calibrated_tidal_proxy": 369.18145469980254,
      "median_calibrated_tidal_proxy": 327.79812731957935,
      "worst_calibrated_integrated_proxy": 106.15089020234144,
      "median_reduction_pct_est": 88.788008648724,
      "worst_case_reduction_pct_est": 88.6280758544476,
      "best_case_reduction_pct_est": 88.86141155016323,
      "worst_min_margin": 1.0,
      "worst_max_gtt": -1.0,
      "mean_support_wall_density_share": 0.9789821148781165,
      "min_support_wall_density_share": 0.976896577061436,
      "worst_W_tail_outside_service_region": 0.013308223104383177
    },
    {
      "wth_multiplier": 4.0,
      "rows": 23,
      "exact_worldline_gtt_positive_rows": 0,
      "worst_calibrated_tidal_proxy": 208.24544744384403,
      "median_calibrated_tidal_proxy": 184.78480671428537,
      "worst_calibrated_integrated_proxy": 78.99910713450394,
      "median_reduction_pct_est": 93.67962937534445,
      "worst_case_reduction_pct_est": 93.49029551664736,
      "best_case_reduction_pct_est": 93.72325282402826,
      "worst_min_margin": 1.0,
      "worst_max_gtt": -1.0,
      "mean_support_wall_density_share": 0.9386915986241177,
      "min_support_wall_density_share": 0.9352785682708116,
      "worst_W_tail_outside_service_region": 0.038071224015969685
    },
    {
      "wth_multiplier": 5.0,
      "rows": 23,
      "exact_worldline_gtt_positive_rows": 0,
      "worst_calibrated_tidal_proxy": 133.58993625617666,
      "median_calibrated_tidal_proxy": 118.5275556694442,
      "worst_calibrated_integrated_proxy": 62.44507938665057,
      "median_reduction_pct_est": 95.94588919735322,
      "worst_case_reduction_pct_est": 95.74519779102663,
      "best_case_reduction_pct_est": 95.97344871478406,
      "worst_min_margin": 1.0,
      "worst_max_gtt": -1.0,
      "mean_support_wall_density_share": 0.8864833782983933,
      "min_support_wall_density_share": 0.8833452839051947,
      "worst_W_tail_outside_service_region": 0.07020233984741531
    },
    {
      "wth_multiplier": 6.0,
      "rows": 23,
      "exact_worldline_gtt_positive_rows": 0,
      "worst_calibrated_tidal_proxy": 93.04126673234896,
      "median_calibrated_tidal_proxy": 82.58993647424013,
      "worst_calibrated_integrated_proxy": 51.18034648453565,
      "median_reduction_pct_est": 97.1750977925849,
      "worst_case_reduction_pct_est": 96.97413586515448,
      "best_case_reduction_pct_est": 97.19563373455709,
      "worst_min_margin": 1.0,
      "worst_max_gtt": -1.0,
      "mean_support_wall_density_share": 0.8325103909495695,
      "min_support_wall_density_share": 0.8310721176791462,
      "worst_W_tail_outside_service_region": 0.10405235507668886
    }
  ]
}