mode,configs,gtt_positive_configs,clean_configs,worst_max_gtt,worst_min_margin,median_min_margin,worst_theta_product_max,median_theta_product_max,worst_Kretsch,median_Kretsch,worst_tidal_proxy,median_tidal_proxy,mean_throat_burden_share,min_throat_burden_share,max_passenger_region_burden_share,max_E_minus_q,min_q_minus_E
preload_first,144,0,144,-1.0,1.0,1.0,180.10597494571255,33.524047676541386,80136999.15517999,28637160.26132053,2783.6762732607162,1069.6788338899541,0.9937388347852267,0.9123384976141348,0.798585262206723,-0.002137273026168174,0.002137273026168174
rapid_preload_first,144,0,144,-1.0,1.0,1.0,657.3693185260391,105.5212931116885,70248380.26265204,26904828.219435416,2429.9873175920134,1034.1057471559147,0.9965661642588715,0.9445765021546422,0.7904305390751063,-0.0024272252879322664,0.0024272252879322664
synchronized,48,0,48,-1.0,1.0,1.0,170.44219108600177,35.65603165683606,70170753.73788601,29039658.831896827,2422.276799655521,1088.3523109323942,0.9929187267518772,0.9123384976141348,0.5064405427322649,0.0,0.0
