V,configs,gtt_positive_configs,worst_theta_product_max,median_theta_product_max,worst_Kretsch,worst_tidal_proxy,mean_throat_burden_share,min_throat_burden_share
0.9,56,0,146.88431823074882,31.726301068855484,59923393.31822025,1959.484680841452,0.9934623732508555,0.9123384976141348
1.01,56,0,182.65521908828285,39.026819501299656,60774807.078191824,2046.4030018695598,0.9939920103236207,0.9163105408440403
1.1,56,0,214.34921438204302,45.39579216342361,62316988.73922115,2121.366135403597,0.9943767428030463,0.9198706563573673
1.25,56,0,272.38838083619993,56.92932491373064,65229685.38785055,2240.7056774125745,0.9949280723483048,0.9257615741359462
1.5,56,0,383.36550444939536,78.62597554430891,70079102.45745121,2428.7425765449852,0.9956466173375654,0.9351617498463504
2.0,56,0,657.3693185260391,130.86853782508118,80136999.15517999,2783.6762732607162,0.9965945186944685,0.9512239742981758
