Delta,configs,gtt_positive_configs,worst_theta_product_max,median_theta_product_max,worst_Kretsch,worst_tidal_proxy,median_tidal_proxy,mean_throat_burden_share,min_throat_burden_share
0.1,168,0,657.3693185260391,50.951674096681955,80136999.15517999,2783.6762732607162,1958.8432462399783,0.9948914466247706,0.9123384976141348
0.3,168,0,657.3691696504113,51.02096600581248,1374775.2764155895,381.11581420224525,272.9419873772781,0.9947753316278499,0.9174230708863877
