C0,configs,gtt_positive_configs,worst_theta_product_max,median_theta_product_max,worst_Kretsch,worst_tidal_proxy,median_tidal_proxy,mean_throat_burden_share,min_throat_burden_share
100.0,168,0,494.0879381736067,42.68838350207291,80136999.15517999,2783.6762732607162,1128.814285924289,0.9938546780251246,0.9123384976141348
10000.0,168,0,657.3693185260391,60.658784788347376,67527295.7092966,2123.4956538668644,1012.7604805119042,0.9958121002274958,0.946375130767221
