w_release,configs,gtt_positive_configs,worst_theta_product_max,median_theta_product_max,worst_Kretsch,worst_tidal_proxy,median_tidal_proxy,mean_throat_burden_share,min_throat_burden_share
0.18,168,0,657.3693185260391,95.84132276792582,70248380.26265204,2429.9873175920134,1035.7217328999513,0.9962831382225902,0.9429712626286948
0.35,168,0,187.4507759863506,31.020600589331945,80136999.15517999,2783.6762732607162,1060.2291695888089,0.9933836400300302,0.9123384976141348
