throat_radius_m,r0_planck,QI_open_duration_est_s,light_crossing_time_s,ratio_Tmax_to_light_crossing
1e-15,6.18714249917247e+19,2.9642316254158733e-34,3.3356409519815205e-24,8.886542850647599e-11
1e-12,6.187142499172469e+22,9.37372344861722e-33,3.3356409519815203e-21,2.8101715932731932e-12
1e-09,6.1871424991724695e+25,2.964231625415873e-31,3.3356409519815207e-18,8.886542850647597e-14
1e-06,6.187142499172469e+28,9.37372344861722e-30,3.3356409519815205e-15,2.810171593273193e-15
0.001,6.187142499172469e+31,2.9642316254158732e-28,3.3356409519815207e-12,8.886542850647599e-17
1.0,6.18714249917247e+34,9.373723448617219e-27,3.3356409519815204e-09,2.8101715932731927e-18
1000.0,6.18714249917247e+37,2.964231625415873e-25,3.3356409519815205e-06,8.886542850647598e-20
1000000000.0,6.187142499172469e+43,2.964231625415873e-22,3.3356409519815204,8.886542850647598e-23
