case,tmin,tmax,Nt,min_a,max_a,mean_a,min_rho,max_rho,mean_rho,min_Gkp,min_Gkm,max_abs_tidal_angular,max_abs_theta_product,max_abs_adot_over_a,fraction_open_a_gt_0p9max,fraction_quasistatic_open,strict_tau0,strict_t0,strict_avg_rho,strict_L0max_planck_units,strict_log10_L0max
static_a1,-2.0,2.0,2001,1.0,1.0,1.0,-0.039788735772973836,-0.039788735772973836,-0.03978873577297383,-2.0,-2.0,0.0,0.0,0.0,1.0,1.0,1.0,-1.47,-0.03978873577297385,0.4886025119029198,-0.311044304651217
sin_eps0.05_om1,-18.84955592153876,18.84955592153876,2001,0.95,1.05,1.000024987506247,-0.04408724185371062,-0.036089548242873214,-0.03988668912772431,-2.110815790377796,-2.110815790377796,0.05262534580833186,0.010023874790705059,0.050059651393874735,1.0,1.0,1.0,-15.739379194484863,-0.04161226714899682,0.4777768210856203,-0.32077492348273084
sin_eps0.1_om20,-0.9424777960769379,0.9424777960769379,2001,0.9,1.1,1.0000499750124936,-0.049121896016017075,0.12024917428715608,0.0397404091071121,-74.37155222439881,-74.37155222439881,44.439180904739935,16.15969998981291,2.009956466556733,0.5312343828085957,0.017491254372813594,0.01,-0.7869689597242432,-0.019832215469090402,6920.702002095702,3.8401501493951073
sin_eps0.6_om5,-3.7699111843077517,3.7699111843077517,2001,0.4,1.6,1.0002998500749625,-0.24867959858108646,0.4680299896951269,0.17084459187973713,-19.529029444216455,-19.529029444216455,37.49555888842315,56.24273801386872,3.7497579259823133,0.23738130934532733,0.017491254372813594,0.05,-3.1478758388969728,-0.016484902758935476,303.63551091688663,2.482352561997436
pulse_ac0.5_w0.02,-1.0,1.0,2001,0.5,1.0,0.5090594950230433,-0.15915494309189535,113.69910510042038,0.8929217539726226,-8011.950821162592,-8011.950821162592,8286.59256749795,11438.831892029079,53.47623746120579,0.013493253373313344,0.0014992503748125937,0.1,0.9000000000000001,-0.047549089952150125,44.6955885922426,1.6502646608368683
pulse_ac0.1_w0.02,-1.0,1.0,2001,0.1,1.0,0.11630709104147785,-3.9788735772973833,1363.2917433697373,8.00090472275203,-14387.46728783206,-14387.46728783206,47754.71726939664,137113.80719094936,185.1444079569711,0.011494252873563218,0.0014992503748125937,0.2,0.905,-1.051480603917719,2.3761570481246825,0.3758751412249561
