{
  "reference_geometry": "v0.3 frozen",
  "best_setup_reset_compensation": {
    "setup_support_amp": 0.01,
    "setup_shoulder_amp": 0.008,
    "access_setup_reset_pos_overlay": 0.02434473273780749,
    "access_setup_reset_neg_total": 0.00581612919341801,
    "support_setup_reset_neg_total": 0.4599057691724322,
    "support_setup_reset_pos_overlay": 0.8053457155995025,
    "shoulder_setup_reset_neg_total": 0.5555763497202322,
    "shoulder_setup_reset_pos_overlay": 0.6483324588511137,
    "support_setup_reset_ratio": 1.7511102699334762,
    "shoulder_setup_reset_ratio": 1.1669547474034647,
    "support_full_ratio": 1.718152497850433,
    "shoulder_full_ratio": 1.205797784363206,
    "core_full_ratio": 1.0833614027698606,
    "access_leakage_fraction_vs_support_setup": 0.030228921898075963,
    "ledger_balance_error": 0.4579501225061835,
    "passes_setup_reset_ledger": 1.0,
    "score": -0.5193079663023354
  },
  "best_sampling_timing": {
    "source_delay_after_R_close": 0.0,
    "source_comp_duration": 80.0,
    "derived_support_amp": 0.0021054530340179796,
    "derived_shoulder_amp": 0.00038162927956808215,
    "core_source_to_open_neg_ratio": 1.6310248943713115,
    "support_source_to_open_neg_ratio": 1.7977948694389274,
    "shoulder_source_to_open_neg_ratio": 1.2067319869001345,
    "core_worst_qi_margin": -0.001098528262051939,
    "core_worst_tau": 5.0,
    "core_worst_center": 181.62857142857143,
    "support_worst_qi_margin": -0.00756843890036332,
    "support_worst_tau": 2.0,
    "shoulder_worst_qi_margin": -0.008132236636053253,
    "shoulder_worst_tau": 2.0,
    "score_sampling": -0.012782827126713607
  },
  "combined_ledgers": {
    "core_line": {
      "observer_family": "core_line",
      "B_setup_neg_total": 1.0451641488499602e-05,
      "B_setup_pos_total": 1.3226170148129476e-07,
      "B_setup_neg_centroid": 20.47584302030133,
      "B_setup_pos_centroid": 95.61684543084719,
      "B_setup_pos_overlay": 1.1852361631987174e-06,
      "R_open_neg_total": 0.0030009782445798738,
      "R_open_pos_total": 0.0,
      "R_open_neg_centroid": 153.52525817705157,
      "R_open_pos_centroid": NaN,
      "R_open_pos_overlay": 0.0,
      "hold_neg_total": 0.07425908460659283,
      "hold_pos_total": 0.0,
      "hold_neg_centroid": 185.03333333333336,
      "hold_pos_centroid": NaN,
      "hold_pos_overlay": 0.0,
      "R_close_neg_total": 0.002918248423977843,
      "R_close_pos_total": 0.0,
      "R_close_neg_centroid": 216.51328827760815,
      "R_close_pos_centroid": NaN,
      "R_close_pos_overlay": 0.0,
      "comp_neg_total": 0.0,
      "comp_pos_total": 0.08746523195632538,
      "comp_neg_centroid": NaN,
      "comp_pos_centroid": 229.99998332372743,
      "comp_pos_overlay": 0.08746533235571206,
      "B_reset_neg_total": 1.0451641488586795e-05,
      "B_reset_pos_total": 1.3226170149632912e-07,
      "B_reset_neg_centroid": 369.52415697990415,
      "B_reset_pos_centroid": 294.3831545696727,
      "B_reset_pos_overlay": 1.1852361631987174e-06,
      "open_interval_neg_total": 0.08071637980312371,
      "open_interval_pos_total": 0.0,
      "open_interval_neg_centroid": 185.00001194882347,
      "open_interval_pos_centroid": NaN,
      "open_interval_pos_overlay": 0.0,
      "setup_reset_neg_total": 2.1362248825919717e-05,
      "setup_reset_pos_total": 2.645234029776239e-07,
      "setup_reset_neg_centroid": 195.00000000081087,
      "setup_reset_pos_centroid": 195.00000000590845,
      "setup_reset_pos_overlay": 2.3704751033182227e-06,
      "full_cycle_neg_total": 0.08073732607344433,
      "full_cycle_pos_total": 0.08746690623797365,
      "full_cycle_neg_centroid": 185.00258877632263,
      "full_cycle_pos_centroid": 229.999895852097,
      "full_cycle_pos_overlay": 0.0874691136895804,
      "open_comp_ratio": 1.0836131720605993,
      "setup_reset_comp_ratio": 0.11096561614482552,
      "full_cycle_overlay_to_total_neg_ratio": 1.0833614027698606
    },
    "access_mean": {
      "observer_family": "access_mean",
      "B_setup_neg_total": 0.002489820381628063,
      "B_setup_pos_total": 0.010346748158178962,
      "B_setup_neg_centroid": 11.819041679314557,
      "B_setup_pos_centroid": 80.51857966044278,
      "B_setup_pos_overlay": 0.012172352109442779,
      "R_open_neg_total": 0.005169863888207348,
      "R_open_pos_total": 0.0,
      "R_open_neg_centroid": 152.94181693704775,
      "R_open_pos_centroid": NaN,
      "R_open_pos_overlay": 0.0,
      "hold_neg_total": 0.07169593382378053,
      "hold_pos_total": 0.0,
      "hold_neg_centroid": 185.03304837655284,
      "hold_pos_centroid": NaN,
      "hold_pos_overlay": 0.0,
      "R_close_neg_total": 0.005095818115597088,
      "R_close_pos_total": 0.0,
      "R_close_neg_centroid": 217.0902504425143,
      "R_close_pos_centroid": NaN,
      "R_close_pos_overlay": 0.0,
      "comp_neg_total": 4.2337153635322505e-07,
      "comp_pos_total": 0.08734902970762894,
      "comp_neg_centroid": 220.13333333333335,
      "comp_pos_centroid": 230.00003803613853,
      "comp_pos_overlay": 0.08738705782727677,
      "B_reset_neg_total": 0.0024880049071035132,
      "B_reset_pos_total": 0.010346748158178959,
      "B_reset_neg_centroid": 378.2817204987564,
      "B_reset_pos_centroid": 309.4814203395572,
      "B_reset_pos_overlay": 0.012172352109442779,
      "open_interval_neg_total": 0.08247320408195954,
      "open_interval_pos_total": 0.0,
      "open_interval_neg_centroid": 185.00175265584664,
      "open_interval_pos_centroid": NaN,
      "open_interval_pos_overlay": 0.0,
      "setup_reset_neg_total": 0.00581612919341801,
      "setup_reset_pos_total": 0.02069349631635792,
      "setup_reset_neg_centroid": 189.82101535892014,
      "setup_reset_pos_centroid": 194.99999999999994,
      "setup_reset_pos_overlay": 0.02434473273780749,
      "full_cycle_neg_total": 0.08746657150939023,
      "full_cycle_pos_total": 0.10804310641824884,
      "full_cycle_neg_centroid": 185.56865217248364,
      "full_cycle_pos_centroid": 223.29653361718857,
      "full_cycle_pos_overlay": 0.11173317171364361,
      "open_comp_ratio": 1.059581215499193,
      "setup_reset_comp_ratio": 4.185727642596682,
      "full_cycle_overlay_to_total_neg_ratio": 1.2774227757754022
    },
    "support_mean": {
      "observer_family": "support_mean",
      "B_setup_neg_total": 0.22074196255317743,
      "B_setup_pos_total": 0.3026712832856081,
      "B_setup_neg_centroid": 14.173531022542935,
      "B_setup_pos_centroid": 83.25074710250408,
      "B_setup_pos_overlay": 0.40267238608392186,
      "R_open_neg_total": 0.008708964460157754,
      "R_open_pos_total": 0.0,
      "R_open_neg_centroid": 152.03703056634097,
      "R_open_pos_centroid": NaN,
      "R_open_pos_overlay": 0.0,
      "hold_neg_total": 0.05605018107810211,
      "hold_pos_total": 0.0,
      "hold_neg_centroid": 185.02998739844986,
      "hold_pos_centroid": NaN,
      "hold_pos_overlay": 0.0,
      "R_close_neg_total": 0.008705616486644288,
      "R_close_pos_total": 0.0,
      "R_close_neg_centroid": 217.9852686386677,
      "R_close_pos_centroid": NaN,
      "R_close_pos_overlay": 0.0,
      "comp_neg_total": 0.00010241128605964673,
      "comp_pos_total": 0.07778119769937243,
      "comp_neg_centroid": 229.04373228261184,
      "comp_pos_centroid": 230.00002077802233,
      "comp_pos_overlay": 0.080468467134422,
      "B_reset_neg_total": 0.22072624624027282,
      "B_reset_pos_total": 0.30267128328560816,
      "B_reset_neg_centroid": 375.83613352634165,
      "B_reset_pos_centroid": 306.7492528974959,
      "B_reset_pos_overlay": 0.40267238608392186,
      "open_interval_neg_total": 0.07378763736030415,
      "open_interval_pos_total": 0.0,
      "open_interval_neg_centroid": 185.01833761371728,
      "open_interval_pos_centroid": NaN,
      "open_interval_pos_overlay": 0.0,
      "setup_reset_neg_total": 0.4599057691724322,
      "setup_reset_pos_total": 0.6053425665712162,
      "setup_reset_neg_centroid": 194.4375552073287,