{
  "candidate": "C20_Cp5_B6_wB12",
  "parameters": {
    "C0": 20,
    "C_perp": 5,
    "Rth": 1.25,
    "wth": 0.12,
    "Rpass": 0.35,
    "wpass": 0.08,
    "B0": 6,
    "wB": 12
  },
  "relative": {
    "J_total": 0.1617365199272931,
    "J_geom": 0.2742448485179198,
    "J_dyn": 0.0108095722267867,
    "rhoH_packet_p95": 0.273903416720243,
    "rhoH_edge_p95": 0.2365568779082912,
    "R3_packet_p95": 0.274380699913712,
    "K_packet_p95": 0.0035232746304302,
    "j_packet_p95": 0.0215542932859346
  },
  "absolute": {
    "max_packet_norm": -0.7616150124545653,
    "max_edge_gtt": -3.0008543255067157,
    "max_release_packet_norm": -2.49999853398111,
    "rhoH_packet_p95_max": 0.0863555677404812,
    "rhoH_edge_p95_max": 0.0501319127895749,
    "R3_packet_p95_max": 4.348268056380563,
    "K_packet_p95_max": 0.1189931030263442,
    "j_packet_p95_max": 0.0032375829792408,
    "j_edge_p95_max": 0.0033080296443282,
    "J_geom": 0.3037689705595094,
    "J_dyn": 0.008925474684096,
    "J_total": 0.3126944452436054
  },
  "clear": true
}