{
  "grid": "41x17x4",
  "scenarios": [
    [
      "V5_lam575",
      5.0,
      5.75
    ],
    [
      "V10_lam6",
      10.0,
      6.0
    ],
    [
      "V10_lam115",
      10.0,
      11.5
    ]
  ],
  "X_values": [
    0.05,
    0.35,
    0.7,
    1.0,
    1.25
  ],
  "rows": [
    {
      "label": "C20_Cp5_B6_wB12_prior",
      "clear": true,
      "pkt_C0": 20.0,
      "pkt_C_perp": 5.0,
      "pkt_Rth": 1.25,
      "pkt_wth": 0.12,
      "pkt_Rpass": 0.35,
      "pkt_wpass": 0.08,
      "v1_B0": 6.0,
      "v1_wB": 12.0,
      "max_packet_norm": -0.7616150124545653,
      "max_edge_gtt": -3.0008543255067153,
      "max_release_packet_norm": -2.49999853398111,
      "rhoH_packet_p95_max": 0.08635556774048125,
      "rhoH_edge_p95_max": 0.05013191278957491,
      "R3_packet_p95_max": 4.348268056380563,
      "K_packet_p95_max": 0.11899310302634428,
      "j_packet_p95_max": 0.0032375829792408543,
      "j_edge_p95_max": 0.0033080296443282653,
      "packet_fail_total": 0,
      "edge_fail_total": 0,
      "J_geom": 0.30376897055950947,
      "J_dyn": 0.008925474684096005,
      "J_total": 0.31269444524360546,
      "rel_J_geom": 0.2742448485179198,
      "rel_J_dyn": 0.01080957222678679,
      "rel_J_total": 0.16173651992729318,
      "rel_rhoH_packet_p95_max": 0.273903416720243,
      "rel_rhoH_edge_p95_max": 0.23655687790829127,
      "rel_R3_packet_p95_max": 0.274380699913712,
      "rel_K_packet_p95_max": 0.003523274630430298,
      "rel_j_packet_p95_max": 0.02155429328593467,
      "rel_j_edge_p95_max": 125.91922728640036
    },
    {
      "label": "C20_Cp4_B6_wB12",
      "clear": true,
      "pkt_C0": 20.0,
      "pkt_C_perp": 4.0,
      "pkt_Rth": 1.25,
      "pkt_wth": 0.12,
      "pkt_Rpass": 0.35,
      "pkt_wpass": 0.08,
      "v1_B0": 6.0,
      "v1_wB": 12.0,
      "max_packet_norm": -0.7616150124545653,
      "max_edge_gtt": -3.0008543255067153,
      "max_release_packet_norm": -2.49999853398111,
      "rhoH_packet_p95_max": 0.08929411293529797,
      "rhoH_edge_p95_max": 0.05442669441788933,
      "R3_packet_p95_max": 4.494744386147554,
      "K_packet_p95_max": 0.11069802071511814,
      "j_packet_p95_max": 0.002762761729166961,
      "j_edge_p95_max": 0.0028185150253128674,
      "packet_fail_total": 0,
      "edge_fail_total": 0,
      "J_geom": 0.31403133224267565,
      "J_dyn": 0.007795237168782191,
      "J_total": 0.3218265694114578,
      "rel_J_geom": 0.28350978370880586,
      "rel_J_dyn": 0.009440750456782956,
      "rel_J_total": 0.16645997442070992,
      "rel_rhoH_packet_p95_max": 0.28322392250935435,
      "rel_rhoH_edge_p95_max": 0.25682261437752124,
      "rel_R3_packet_p95_max": 0.2836235242661077,
      "rel_K_packet_p95_max": 0.0032776649915422043,
      "rel_j_packet_p95_max": 0.018393158405961157,
      "rel_j_edge_p95_max": 107.2859896195317
    },
    {
      "label": "C50_Cp3_B6_wB12",
      "clear": true,
      "pkt_C0": 50.0,
      "pkt_C_perp": 3.0,
      "pkt_Rth": 1.25,
      "pkt_wth": 0.12,
      "pkt_Rpass": 0.35,
      "pkt_wpass": 0.08,
      "v1_B0": 6.0,
      "v1_wB": 12.0,
      "max_packet_norm": -0.7637089755265488,
      "max_edge_gtt": -3.7102687263418233,
      "max_release_packet_norm": -3.0910085496950126,
      "rhoH_packet_p95_max": 0.09294609083362915,
      "rhoH_edge_p95_max": 0.06067018919558508,
      "R3_packet_p95_max": 4.676951446203431,
      "K_packet_p95_max": 0.10690794899457447,
      "j_packet_p95_max": 0.0028525192804836437,
      "j_edge_p95_max": 0.002900465836527799,
      "packet_fail_total": 0,
      "edge_fail_total": 0,
      "J_geom": 0.32679366314380076,
      "J_dyn": 0.007891144096902933,
      "J_total": 0.3346848072407037,
      "rel_J_geom": 0.2950317093955144,
      "rel_J_dyn": 0.009556902583505996,
      "rel_J_total": 0.17311070541556195,
      "rel_rhoH_packet_p95_max": 0.29480730097947017,
      "rel_rhoH_edge_p95_max": 0.28628372107911043,
      "rel_R3_packet_p95_max": 0.29512099866720654,
      "rel_K_packet_p95_max": 0.003165444508162201,
      "rel_j_packet_p95_max": 0.018990721649316467,
      "rel_j_edge_p95_max": 110.4054244291231
    },
    {
      "label": "C35_Cp3_B6_wB12",
      "clear": true,
      "pkt_C0": 35.0,
      "pkt_C_perp": 3.0,
      "pkt_Rth": 1.25,
      "pkt_wth": 0.12,
      "pkt_Rpass": 0.35,
      "pkt_wpass": 0.08,
      "v1_B0": 6.0,
      "v1_wB": 12.0,
      "max_packet_norm": -0.7628931968792947,
      "max_edge_gtt": -3.4161035517296705,
      "max_release_packet_norm": -2.8459408371346906,
      "rhoH_packet_p95_max": 0.09327661269084069,
      "rhoH_edge_p95_max": 0.06033957432815182,
      "R3_packet_p95_max": 4.693538191038697,
      "K_packet_p95_max": 0.10444307945945745,
      "j_packet_p95_max": 0.0025636014502845566,
      "j_edge_p95_max": 0.0026076391562724946,
      "packet_fail_total": 0,
      "edge_fail_total": 0,
      "J_geom": 0.3279535222427756,
      "J_dyn": 0.007260102195746201,
      "J_total": 0.33521362443852176,
      "rel_J_geom": 0.2960788386737767,
      "rel_J_dyn": 0.008792652697633017,
      "rel_J_total": 0.1733842281933208,
      "rel_rhoH_packet_p95_max": 0.29585565337132785,
      "rel_rhoH_edge_p95_max": 0.2847236525224137,
      "rel_R3_packet_p95_max": 0.2961676412840324,
      "rel_K_packet_p95_max": 0.003092462023635551,
      "rel_j_packet_p95_max": 0.01706724364502229,
      "rel_j_edge_p95_max": 99.25905838315704
    },
    {
      "label": "C35_Cp3_B6_wB6",
      "clear": true,
      "pkt_C0": 35.0,
      "pkt_C_perp": 3.0,
      "pkt_Rth": 1.25,
      "pkt_wth": 0.12,
      "pkt_Rpass": 0.35,
      "pkt_wpass": 0.08,
      "v1_B0": 6.0,
      "v1_wB": 6.0,
      "max_packet_norm": -0.7639431841195131,
      "max_edge_gtt": -3.416103551730824,
      "max_release_packet_norm": -2.8463265179071238,
      "rhoH_packet_p95_max": 0.09328612739597512,
      "rhoH_edge_p95_max": 0.06033011143043221,
      "R3_packet_p95_max": 4.694031544842528,
      "K_packet_p95_max": 0.10460389948948728,
      "j_packet_p95_max": 0.0025761687421326502,
      "j_edge_p95_max": 0.0026204050047331944,
      "packet_fail_total": 0,
      "edge_fail_total": 0,
      "J_geom": 0.32798770463810156,
      "J_dyn": 0.007288651736655591,
      "J_total": 0.33527635637475717,
      "rel_J_geom": 0.29610969879030175,
      "rel_J_dyn": 0.008827228822200548,
      "rel_J_total": 0.17341667534807315,
      "rel_rhoH_packet_p95_max": 0.2958858322041883,
      "rel_rhoH_edge_p95_max": 0.2846790000562309,
      "rel_R3_packet_p95_max": 0.29619877247471454,
      "rel_K_packet_p95_max": 0.003097223754504471,
      "rel_j_packet_p95_max": 0.017150910718898266,
      "rel_j_edge_p95_max": 99.74498685014726
    },
    {
      "label": "C100_Cp5_B4_wB6_prior_reserve",
      "clear": true,
      "pkt_C0": 100.0,
      "pkt_C_perp": 5.0,
      "pkt_Rth": 1.25,
      "pkt_wth": 0.12,
      "pkt_Rpass": 0.35,
      "pkt_wpass": 0.08,
      "v1_B0": 4.0,
      "v1_wB": 6.0,
      "max_packet_norm": -0.7662376972520653,
      "max_edge_gtt": -4.356342895997958,
      "max_release_packet_norm": -3.629689401236765,
      "rhoH_packet_p95_max": 0.08748651344145185,
      "rhoH_edge_p95_max": 0.049033737247610426,
      "R3_packet_p95_max": 4.414662205302143,
      "K_packet_p95_max": 0.1904436047866655,
      "j_packet_p95_max": 0.011472316096643299,
      "j_edge_p95_max": 0.012898223104592418,
      "packet_fail_total": 0,
      "edge_fail_total": 0,
      "J_geom": 0.30821962370655903,
      "J_dyn": 0.02817941129696903,
      "J_total": 0.3363990350035281,
      "rel_J_geom": 0.27826293073306596,
      "rel_J_dyn": 0.03412786350351626,
      "rel_J_total": 0.1739973640592931,
      "rel_rhoH_packet_p95_max": 0.2774905611247804,
      "rel_rhoH_edge_p95_max": 0.23137492966121806,
      "rel_R3_packet_p95_max": 0.2785702468356288,
      "rel_K_packet_p95_max": 0.00563885724640697,
      "rel_j_packet_p95_max": 0.07637724419776272,